Point ID,vtkOriginalPointIds,Points_0,Points_1,Points_2,Points_Magnitude
0,46209,20.4872,-49.0312,215.613,222.065
1,46217,21.0824,-48.0737,215.202,221.512
2,46220,21.735,-47.0158,216.185,222.303
3,46227,22.523,-45.3662,215.204,221.084
4,46228,22.881,-44.5337,215.851,221.582
5,46229,22.9686,-44.2239,214.638,220.347
6,46234,23.3092,-43.3363,215.6,221.144
7,46237,23.6208,-42.2784,215.42,220.796
8,46244,23.9102,-41.0674,215.23,220.414
9,46245,24.1191,-39.9793,215.219,220.225
10,46254,24.282,-38.8352,215.246,220.065
11,46255,24.3791,-37.7306,215.258,219.896
12,46266,24.3893,-37.0746,215.927,220.44
13,46267,24.4327,-36.2528,215.237,219.632
14,46268,24.4217,-35.5641,214.234,218.535
15,46285,24.4221,-35.0184,215.292,219.484
16,46287,24.3615,-33.744,215.368,219.352
17,46324,24.2295,-32.3287,215.267,219.026
18,46672,19.2434,-50.7817,217.346,224.027
19,46678,19.6975,-50.1792,216.378,222.992
20,46679,20.0384,-49.7256,217.35,223.864
21,46680,20.6061,-48.8926,217.359,223.741
22,46681,20.3639,-49.2558,216.402,222.87
23,46689,21.1425,-48.0474,216.317,222.595
24,46690,21.1398,-48.0412,217.357,223.605
25,46691,21.7534,-46.9581,217.375,223.451
26,46696,22.2758,-45.9352,216.63,222.564
27,46697,22.0156,-46.339,218.31,224.257
28,46698,22.4548,-45.372,218.242,224.037
29,46699,22.8698,-44.2832,218.265,223.883
30,46700,22.7361,-44.8395,216.881,222.631
31,46705,23.5421,-42.0717,218.002,223.27
32,46706,23.4522,-42.7118,216.872,222.278
33,46707,23.1409,-43.7101,216.882,222.45
34,46708,23.2352,-43.2233,217.973,223.429
35,46713,23.8836,-40.6576,217.554,222.605
36,46714,23.74,-41.6071,216.925,222.152
37,46715,23.7817,-41.5969,216.103,221.351
38,46716,23.9938,-40.5483,216.375,221.445
39,46720,24.1627,-39.4042,216.687,221.562
40,46721,24.2982,-38.2829,216.39,221.09
41,46722,24.0157,-39.1712,218.176,222.962
42,46723,24.1712,-38.2575,217.632,222.287
43,46729,24.2914,-36.9719,217.164,221.624
44,46730,24.3827,-36.0905,216.403,220.743
45,46731,24.1716,-36.8515,218.06,222.469
46,46732,24.2269,-35.526,217.713,221.918
47,46740,24.3633,-34.7011,216.408,220.522
48,46741,24.1915,-34.4215,217.706,221.734
49,46742,24.1473,-33.4831,217.68,221.559
50,46743,24.298,-33.4785,216.414,220.332
51,46749,24.205,-32.4001,216.416,220.162
52,46750,24.0823,-32.4161,217.615,221.33
53,46751,23.9213,-31.0095,217.548,221.045
54,46752,24.0596,-31.2536,216.35,219.915
55,46767,23.8598,-30.1314,216.341,219.728
56,46768,23.6757,-29.5985,217.479,220.758
57,46769,23.5425,-28.7632,216.348,219.518
58,46794,23.4198,-28.5192,217.456,220.565
59,46795,23.1506,-27.48,216.353,219.316
60,46796,23.1183,-27.5044,217.442,220.39
61,46821,22.2441,-25.2769,217.473,220.065
62,46823,22.6991,-26.4438,217.954,220.722
63,47089,15.0661,-54.7624,220.105,227.315
64,47092,17.1831,-52.8941,220.028,226.948
65,47094,16.5483,-53.4446,220.49,227.478
66,47101,17.8219,-52.2179,220.072,226.884
67,47102,18.3966,-51.6613,219.37,226.12
68,47103,18.8218,-51.2452,218.425,225.144
69,47104,19.1811,-50.6352,219.818,226.389
70,47110,19.6405,-50.203,218.437,224.991
71,47111,19.939,-49.5296,220.194,226.575
72,47112,20.6604,-48.5508,219.599,225.849
73,47113,20.0455,-49.5744,219.069,225.501
74,47114,20.4701,-49.0314,218.359,224.731
75,47120,21.2655,-47.7299,218.45,224.613
76,47121,21.3155,-47.4421,219.548,225.624
77,47122,21.8866,-46.3476,219.486,225.391
78,47126,22.343,-45.3097,219.497,225.236
79,47127,22.7271,-44.2697,219.53,225.1
80,47132,23.1328,-43.1985,219.008,224.424
81,47133,22.9563,-43.1827,220.14,225.507
82,47134,23.2446,-41.9811,220.125,225.295
83,47135,23.4083,-42.0825,219.059,224.29
84,47140,23.6136,-40.9834,219.119,224.165
85,47141,23.7835,-40.5154,218.527,223.52
86,47142,23.5882,-39.9639,220.05,224.89
87,47143,23.3513,-40.9375,220.503,225.484
88,47151,23.8634,-39.0551,219.165,223.893
89,47152,23.677,-38.7369,220.208,224.84
90,47153,23.8485,-37.639,219.7,224.173
91,47154,24.0437,-37.5024,218.721,223.211
92,47159,24.074,-36.0459,218.689,222.943
93,47160,23.8163,-36.5574,219.959,224.245
94,47161,23.8526,-35.4748,219.743,223.863
95,47166,24.0439,-34.9509,218.719,222.796
96,47167,23.9753,-33.6542,218.739,222.608
97,47168,23.8005,-34.3948,219.764,223.709
98,47169,23.7525,-33.4815,219.798,223.598
99,47174,23.9187,-32.4286,218.687,222.368
100,47175,23.7156,-32.4178,219.771,223.411
101,47176,23.613,-31.2002,219.755,223.211
102,47177,23.8157,-31.1894,218.559,222.054
103,47183,23.589,-30.2365,219.105,222.436
104,47184,23.5189,-29.3362,218.367,221.581
105,47185,23.3246,-29.5053,219.892,223.085
106,47191,23.244,-28.4702,218.878,221.942
107,47192,23.0102,-27.4937,218.491,221.413
108,47193,23.0589,-28.5305,220.153,223.189
109,47194,22.8492,-27.4575,219.601,222.487
110,47208,22.1996,-25.3498,218.499,221.082
111,47209,22.6151,-26.501,218.952,221.706
112,47210,22.4201,-26.2213,219.611,222.305
113,47211,22.042,-25.3014,219.631,222.18
114,47233,21.7536,-24.452,218.777,221.212
115,47235,21.4425,-24.184,220.137,222.498
116,47236,21.2032,-23.5732,219.502,221.78
117,47237,20.7776,-23.0212,220.198,222.371
118,47469,14.1815,-55.2695,221.128,228.372
119,47471,13.5738,-55.4716,222.188,229.41
120,47473,12.5433,-56.1128,222.225,229.543
121,47474,14.4034,-54.9088,222.098,229.238
122,47480,15.1819,-54.4803,221.316,228.428
123,47481,15.7149,-53.788,222.365,229.317
124,47482,15.822,-54.0762,220.607,227.689
125,47483,16.2971,-53.4655,221.573,228.515
126,47484,16.6526,-52.9585,222.232,229.061
127,47485,17.311,-52.5659,221.15,227.97
128,47491,17.4176,-52.1603,222.265,228.967
129,47492,18.0922,-51.5807,221.653,228.293
130,47493,18.3506,-51.5165,220.633,227.31
131,47494,18.4192,-51.0017,222.271,228.79
132,47495,18.985,-50.6092,221.155,227.664
133,47501,20.4353,-48.6248,220.769,226.982
134,47502,19.7809,-49.4554,221.365,227.683
135,47503,20.2991,-48.5173,221.754,227.905
136,47504,19.2063,-49.9932,222.208,228.57
137,47509,20.7847,-47.6987,221.688,227.712
138,47510,21.2324,-46.8382,221.691,227.578
139,47511,20.8826,-47.9188,220.608,226.716
140,47512,21.6762,-46.3914,220.627,226.492
141,47513,21.2777,-47.1885,220.622,226.613
142,47518,21.695,-45.8169,221.753,227.474
143,47519,22.1632,-45.2871,220.628,226.315
144,47520,22.2349,-44.4774,221.704,227.212
145,47521,22.5461,-44.215,220.677,226.189
146,47527,22.7447,-43.1803,221.188,226.508
147,47528,22.63,-42.9051,221.966,227.204
148,47529,23.0028,-41.8366,221.362,226.452
149,47533,23.2386,-40.0611,221.5,226.29
150,47534,22.9359,-40.9018,222.241,227.135
151,47539,23.0967,-39.1657,222.386,226.986
152,47540,23.4216,-38.8385,221.242,225.842
153,47541,23.1628,-38.253,222.371,226.823
154,47542,23.3447,-37.6184,221.773,226.149
155,47543,23.6159,-37.658,220.715,225.147
156,47548,23.4901,-36.3497,221.289,225.481
157,47549,23.2222,-36.5016,222.287,226.458
158,47550,23.1729,-35.3877,222.423,226.41
159,47551,23.6103,-35.4401,220.762,224.831
160,47555,23.2845,-33.6911,221.736,225.486
161,47556,23.3236,-34.7975,221.782,225.703
162,47557,23.5197,-33.4194,220.786,224.536
163,47558,23.5665,-34.3556,220.771,224.667
164,47563,23.0816,-33.2152,222.498,226.145
165,47564,23.2671,-32.537,221.73,225.309
166,47565,23.0758,-31.8607,222.372,225.825
167,47566,23.4885,-32.379,220.799,224.393
168,47567,23.1743,-31.0687,221.733,225.095
169,47568,23.4248,-31.369,220.772,224.217
170,47572,23.2921,-30.2536,220.74,224.018
171,47573,22.9297,-30.2243,222.309,225.523
172,47574,22.7315,-29.0032,222.24,225.274
173,47575,23.0511,-29.5557,221.331,224.482
174,47580,22.4419,-27.2205,221.383,224.177
175,47581,22.4641,-27.9277,222.229,225.1
176,47582,22.1468,-26.9306,222.256,224.975
177,47583,22.8311,-28.5013,221.275,224.268
178,47584,22.6814,-27.4218,220.514,223.367
179,47589,22.2916,-26.3598,220.655,223.339
180,47590,21.874,-25.3291,220.693,223.216
181,47591,21.8824,-25.8815,221.734,224.31
182,47592,21.4483,-24.9022,221.814,224.236
183,47597,21.2006,-24.1565,221.355,223.676
184,47598,20.3926,-23.0211,222.111,224.23
185,47599,20.6895,-23.1699,221.195,223.365
186,47607,20.106,-22.2354,221.093,223.116
187,47608,19.6344,-21.7723,221.715,223.645
188,47609,18.7947,-20.76,221.881,223.641
189,47628,17.9268,-19.9028,222.272,223.88
190,47796,11.5307,-56.5428,222.778,230.13
191,47797,10.1776,-56.6855,224.53,231.798
192,47798,10.967,-56.5339,223.843,231.132
193,47799,12,-56.0093,223.774,230.989
194,47800,13.8951,-54.9803,223.207,230.298
195,47801,12.7503,-55.7624,223.125,230.341
196,47802,13.5348,-54.8237,224.417,231.413
197,47803,13.0391,-55.3532,223.86,230.971
198,47809,14.9078,-54.3596,222.729,229.75
199,47810,14.3565,-54.44,223.826,230.798
200,47811,15.1052,-53.852,223.793,230.677
201,47812,15.9446,-52.9472,224.209,230.927
202,47813,16.1631,-53.1312,223.175,229.981
203,47814,16.7311,-52.3982,223.658,230.323
204,47821,17.368,-51.9278,223.124,229.744
205,47822,16.9337,-51.8845,224.39,230.932
206,47823,18.2029,-50.4909,224.225,230.559
207,47824,18.1179,-51.007,223.269,229.736
208,47825,17.4844,-51.2518,224.447,230.887
209,47831,18.9033,-50.0407,223.156,229.478
210,47832,19.7825,-48.9426,222.736,228.907
211,47833,19.1456,-49.4115,223.801,229.989
212,47834,19.7701,-48.4286,223.845,229.875
213,47840,20.3871,-47.9261,222.766,228.773
214,47841,20.2618,-47.5207,223.947,229.828
215,47842,20.8247,-46.9119,223.135,228.962
216,47843,21.2417,-46.2997,222.69,228.442
217,47844,20.8318,-46.27,224.135,229.808
218,47849,21.6421,-45.3078,222.803,228.391
219,47850,21.3271,-45.3015,223.903,229.433
220,47851,21.714,-44.2642,223.884,229.249
221,47852,22.038,-44.252,222.782,228.201
222,47857,22.3496,-43.1697,222.795,228.037
223,47858,22.0317,-43.1704,223.907,229.093
224,47859,22.2936,-42.038,223.897,228.897
225,47860,22.6084,-42.0199,222.777,227.83
226,47865,22.6474,-40.9255,223.286,228.132
227,47866,22.4125,-40.941,224.118,228.926
228,47867,22.6786,-39.6343,223.758,228.369
229,47868,22.9064,-39.9025,222.824,227.525
230,47873,22.8538,-38.0641,223.529,227.896
231,47874,22.5943,-38.6982,224.339,228.77
232,47879,22.9879,-35.8374,223.14,227.166
233,47880,23.0252,-37.0831,223.001,227.233
234,47881,22.7718,-36.7158,223.94,228.07
235,47882,22.6881,-35.3251,224.206,228.103
236,47887,22.9938,-34.3707,222.923,226.726
237,47888,22.8449,-33.3838,223.393,227.026
238,47889,22.7308,-34.3168,223.893,227.645
239,47890,22.5916,-33.2259,224.359,227.928
240,47895,22.8275,-31.2141,223.148,226.474
241,47896,22.8545,-32.3608,223.293,226.78
242,47897,22.5744,-31.6696,224.2,227.548
243,47903,22.4954,-29.0618,223.225,226.23
244,47904,22.6876,-30.2065,223.239,226.413
245,47905,22.4653,-30.7104,224.281,227.486
246,47906,22.312,-29.6399,224.274,227.322
247,47911,22.2197,-28.0035,223.282,226.126
248,47912,21.888,-26.9327,223.275,225.956
249,47913,22.0731,-28.5798,224.347,227.235
250,47914,21.7323,-27.308,224.261,226.96
251,47919,21.6346,-25.8832,222.761,225.301
252,47920,21.3511,-25.8845,223.802,226.303
253,47921,20.9031,-24.8492,223.779,226.123
254,47922,21.1717,-24.8128,222.765,225.14
255,47926,19.7828,-22.798,223.77,225.797
256,47927,20.4109,-23.8459,223.75,225.941
257,47928,19.906,-22.5407,222.787,224.807
258,47929,20.6377,-23.7311,222.758,224.967
259,47934,19.1945,-21.5627,222.794,224.657
260,47935,18.2496,-20.5826,223.275,224.963
261,47936,19.0232,-21.7031,223.724,225.577
262,47937,17.8426,-20.5278,224.326,225.969
263,47938,18.52,-21.3606,224.422,226.196
264,47944,16.1201,-18.8284,224.202,225.568
265,47946,17.303,-19.5794,223.266,224.79
266,47947,16.7859,-19.6185,224.724,226.202
267,48030,8.86281,-57.0838,224.961,232.26
268,48042,7.35919,-56.9132,226.732,233.881
269,48043,7.99104,-56.9984,226.041,233.254
270,48044,9.90411,-56.4598,225.489,232.661
271,48045,8.86949,-56.6628,226.073,233.235
272,48046,10.2041,-55.9723,226.32,233.362
273,48047,11.5247,-55.9226,224.788,231.926
274,48048,10.9174,-55.9902,225.441,232.546
275,48049,11.5214,-55.3699,226.129,233.094
276,48050,12.4748,-55.3445,224.865,231.911
277,48051,13.43,-54.4923,225.41,232.291
278,48052,12.3876,-54.9459,225.933,232.848
279,48059,13.4178,-54.0316,226.392,233.136
280,48060,16.1187,-52.4558,224.954,231.55
281,48061,14.9972,-53.1664,225.609,232.273
282,48062,15.5887,-52.4951,225.89,232.433
283,48063,14.2629,-53.5405,226.086,232.777
284,48064,14.9807,-53.5755,224.748,231.531
285,48065,14.2391,-54.1229,224.875,231.735
286,48070,17.953,-50.3554,225.132,231.392
287,48071,16.6158,-51.7044,225.475,231.924
288,48072,17.3173,-50.7573,225.801,232.082
289,48073,16.2442,-51.601,226.363,232.738
290,48074,16.779,-50.9122,226.568,232.823
291,48080,17.9573,-49.917,225.895,232.04
292,48081,18.3898,-49.1765,226.139,232.154
293,48082,18.8192,-48.3181,226.474,232.335
294,48083,18.7841,-49.3978,224.838,230.966
295,48084,19.1218,-48.3858,225.694,231.613
296,48085,19.2791,-48.6469,224.862,230.871
297,48091,20.404,-46.7121,224.802,230.508
298,48092,20.1481,-46.3921,225.958,231.55
299,48093,19.7046,-47.9111,224.939,230.827
300,48094,19.7935,-47.316,225.623,231.379
301,48095,19.3921,-47.3675,226.513,232.224
302,48100,20.5322,-45.464,226.066,231.505
303,48101,20.7591,-44.6749,226.284,231.584
304,48102,20.9444,-45.3768,225.009,230.492
305,48103,21.3645,-44.2678,224.989,230.295
306,48108,21.1641,-43.6943,226.105,231.259
307,48109,21.6787,-43.1842,225.024,230.153
308,48110,21.5154,-42.4152,226.08,231.028
309,48111,21.9492,-42.0843,225.009,229.961
310,48117,22.1638,-40.9974,224.937,229.715
311,48118,21.7683,-41.022,226.161,230.879
312,48119,22.0074,-39.8022,225.96,230.492
313,48120,22.3453,-39.8404,224.848,229.441
314,48125,22.3091,-38.7501,225.321,229.715
315,48126,21.8208,-38.7089,226.795,231.107
316,48127,22.1531,-38.0939,225.956,230.213
317,48128,22.4885,-37.5377,224.9,229.118
318,48132,22.194,-36.9641,225.946,230.023
319,48133,22.4979,-36.4232,224.929,228.967
320,48134,22.1005,-35.782,226.253,230.128
321,48135,22.3262,-35.7898,225.515,229.426
322,48140,22.3287,-34.8202,225.456,229.219
323,48141,22.4743,-34.2338,224.851,228.55
324,48142,22.0788,-34.79,226.28,230.001
325,48143,22.0606,-33.3407,226.266,229.77
326,48144,22.282,-33.5377,225.537,229.103
327,48145,21.9144,-33.8376,226.725,230.281
328,48150,22.4129,-32.3143,224.915,228.327
329,48151,22.102,-32.181,225.962,229.309
330,48152,22.1999,-31.2443,225.391,228.626
331,48157,22.0655,-30.1605,225.382,228.459
332,48158,21.8298,-30.4278,226.259,229.337
333,48159,21.7113,-29.0961,225.88,228.778
334,48160,21.9003,-28.8463,225.121,228.015
335,48165,21.4762,-27.9841,225.731,228.47
336,48166,21.1073,-26.9944,225.878,228.462
337,48167,21.3805,-26.868,224.922,227.528
338,48170,21.0438,-25.9036,224.83,227.294
339,48171,20.711,-25.953,225.856,228.284
340,48172,20.245,-24.9742,225.907,228.183
341,48173,20.61,-24.9236,224.817,227.131
342,48179,20.1764,-24.0297,224.771,226.951
343,48180,19.6777,-23.2082,224.846,226.895
344,48181,19.7978,-24.0737,225.867,228.007
345,48182,19.3084,-23.229,225.84,227.851
346,48188,18.0181,-21.2221,225.421,227.133
347,48189,17.448,-20.5782,225.414,227.023
348,48190,18.0153,-21.713,226.307,228.059
349,48191,17.2549,-20.9583,226.53,228.151
350,48192,18.7054,-22.3373,225.842,227.714
351,48193,18.9975,-22.1845,224.847,226.736
352,48199,15.6639,-18.9225,225.42,226.754
353,48200,15.6798,-19.4821,226.612,227.988
354,48201,14.9018,-18.8073,226.521,227.789
355,48202,14.7864,-18.254,225.442,226.663
356,48203,16.5403,-19.9271,225.951,227.43
357,48221,14.1414,-18.0163,225.98,227.137
358,48276,2.47693,-56.7812,228.887,235.837
359,48278,5.64435,-56.4547,228.586,235.522
360,48279,4.62965,-56.4992,228.904,235.819
361,48280,5.63475,-57.0947,227.37,234.496
362,48281,6.40043,-56.9359,227.293,234.403
363,48282,7.27437,-56.4238,227.788,234.785
364,48283,6.65897,-56.2025,228.537,235.44
365,48284,7.8963,-55.8142,228.496,235.346
366,48285,9.886,-55.7307,227.148,234.094
367,48286,8.49811,-56.3184,227.152,234.183
368,48287,9.88302,-55.1433,228.228,235.003
369,48288,8.94529,-55.7996,227.807,234.712
370,48289,8.82138,-55.238,228.849,235.586
371,48290,11.8426,-54.7128,227.095,233.893
372,48291,10.8804,-55.2601,227.094,233.974
373,48292,10.9129,-54.6793,228.122,234.837
374,48299,11.9181,-54.0661,228.159,234.781
375,48300,12.6068,-54.2724,227.018,233.755
376,48301,13.0116,-53.6589,227.615,234.216
377,48302,13.9244,-53.0375,227.492,234.008
378,48303,13.1402,-52.9801,228.542,234.97
379,48304,14.6726,-52.7857,226.856,233.377
380,48310,15.6228,-51.8901,226.917,233.298
381,48311,14.9914,-52.0845,227.564,233.929
382,48312,14.511,-52.0142,228.32,234.619
383,48313,15.6682,-51.042,228.154,234.319
384,48314,16.3526,-50.8185,227.441,233.622
385,48320,17.8678,-48.4181,228.173,233.937
386,48321,18.0307,-48.9818,227.148,233.068
387,48322,17.4163,-49.9086,226.969,233.043
388,48323,17.3407,-49.2722,227.987,233.894
389,48324,16.6892,-49.9364,228.158,234.155
390,48330,18.4295,-48.0971,227.552,233.308
391,48331,18.3469,-47.2095,228.731,234.271
392,48332,19.1981,-46.293,228.172,233.611
393,48333,18.9276,-47.2882,227.592,233.222
394,48334,19.6819,-46.3557,227.103,232.62
395,48339,20.7109,-43.8638,227.142,232.264
396,48340,20.1215,-45.3267,227.213,232.562
397,48341,20.1199,-44.394,228.076,233.226
398,48342,19.6721,-45.2946,228.223,233.504
399,48346,20.3345,-43.466,228.344,233.332
400,48347,20.4931,-42.6342,228.58,233.423
401,48348,20.8699,-41.9815,228.104,232.872
402,48349,21.0728,-42.6637,227.111,232.043
403,48354,21.3284,-41.6172,227.089,231.854
404,48355,20.8348,-40.9819,228.712,233.287
405,48356,21.2163,-40.9667,227.745,232.371
406,48357,21.2413,-39.8272,228.167,232.589
407,48358,21.6398,-39.7964,227.017,231.492
408,48362,21.3773,-38.7071,228.143,232.389
409,48363,21.4787,-37.5846,228.077,232.149
410,48364,21.8318,-37.5507,226.972,231.091
411,48369,21.8723,-36.4514,226.93,230.877
412,48370,21.533,-36.4994,228.042,231.946
413,48371,21.5624,-35.4026,227.984,231.722
414,48372,21.8118,-35.0672,227.152,230.875
415,48377,21.5691,-34.3115,227.919,231.494
416,48378,21.6134,-33.2928,227.738,231.171
417,48383,21.8377,-32.3376,226.84,230.172
418,48384,21.4916,-32.2853,227.9,231.177
419,48385,21.3716,-31.1861,227.919,231.033
420,48386,21.6992,-31.0447,226.906,230.046
421,48392,21.4871,-29.6384,226.871,229.805
422,48393,21.2167,-30.1665,227.906,230.871
423,48394,20.9892,-29.1194,227.92,230.729
424,48400,21.1701,-28.3204,226.888,229.626
425,48401,20.7043,-28.0868,227.918,230.573
426,48402,20.3388,-27.1222,227.989,230.496
427,48403,20.7486,-27.027,226.906,229.45
428,48408,19.8612,-25.0357,226.961,229.2
429,48409,19.6296,-25.465,227.974,230.23
430,48410,19.9872,-26.4738,228.194,230.592
431,48411,20.1846,-26.0677,227.348,229.726
432,48412,20.3975,-25.9639,226.708,229.099
433,48420,19.4332,-24.2129,226.934,229.048
434,48421,19.0458,-24.3717,227.976,230.064
435,48422,18.9827,-23.4177,226.856,228.85
436,48423,18.5529,-23.2665,227.555,229.493
437,48424,18.061,-23.3665,228.628,230.527
438,48431,17.5181,-21.8281,227.455,229.171
439,48432,16.8178,-21.1139,227.574,229.169
440,48433,17.8973,-22.6301,227.935,229.754
441,48434,17.2514,-22.3915,228.735,230.474
442,48435,16.6721,-21.6618,228.651,230.279
443,48436,16.031,-20.6266,228.073,229.564
444,48437,18.2805,-22.4566,226.934,228.774
445,48446,14.0228,-18.3657,226.925,228.099
446,48447,14.3969,-18.9656,227.577,228.819
447,48448,13.3722,-18.2901,227.618,228.742
448,48449,13.7304,-18.8941,228.297,229.489
449,48450,12.8531,-18.5444,228.665,229.775
450,48451,15.1514,-19.4032,227.302,228.631
451,48452,14.3077,-19.5841,228.766,230.049
452,48453,14.9372,-19.708,228.153,229.489
453,48454,16.2825,-20.2809,227.082,228.567
454,48455,15.4102,-20.0994,228.139,229.54
455,48476,9.50548,-17.116,228.996,229.832
456,48478,12.0211,-18.0925,228.704,229.734
457,48479,11.3,-17.4359,228.163,229.107
458,48480,10.4944,-17.4365,228.847,229.751
459,48481,12.5839,-17.8733,227.716,228.763
460,48504,-3.02074,-55.3525,230.643,237.211
461,48511,-0.792703,-55.4279,231.013,237.571
462,48512,-1.41828,-56.0303,230.022,236.752
463,48513,-1.83604,-55.3582,230.943,237.492
464,48515,0.281829,-56.5752,229.35,236.225
465,48516,1.38532,-56.2446,229.872,236.657
466,48517,0.847061,-55.5534,230.902,237.492
467,48518,-0.0011147,-55.9387,230.342,237.037
468,48519,3.56214,-56.3667,229.386,236.237
469,48520,2.48541,-56.1561,229.897,236.669
470,48521,3.07849,-55.6217,230.57,237.204
471,48522,1.86364,-55.5372,230.854,237.447
472,48523,5.64664,-55.2936,230.353,236.963
473,48524,4.56634,-55.0342,231.029,237.537
474,48525,4.03318,-55.6181,230.386,237.039
475,48526,4.84633,-55.9035,229.769,236.522
476,48527,6.4997,-55.7163,229.402,236.161
477,48528,7.78104,-55.2061,229.525,236.199
478,48529,6.73416,-54.9703,230.363,236.927
479,48541,7.75197,-54.5729,230.431,236.932
480,48542,8.85249,-54.5405,229.869,236.417
481,48543,9.31244,-53.6178,230.816,237.145
482,48544,9.93028,-53.8101,230.179,236.594
483,48545,9.88206,-54.4672,229.292,235.88
484,48546,8.41638,-53.9545,230.894,237.264
485,48547,11.9164,-52.8592,229.914,236.213
486,48548,10.916,-53.3625,230.069,236.428
487,48549,11.416,-52.4594,230.805,236.967
488,48550,10.4124,-53.0282,230.846,237.087
489,48551,10.8924,-53.9965,229.209,235.735
490,48552,11.9122,-53.4759,229.075,235.535
491,48553,12.9356,-52.3047,229.695,235.93
492,48560,13.9548,-51.0798,230.18,236.192
493,48561,13.0221,-51.3246,230.789,236.786
494,48562,13.8726,-52.0069,229.1,235.338
495,48563,12.3643,-51.9291,230.668,236.764
496,48564,15.3666,-50.7645,228.94,235.003
497,48565,14.9942,-50.4632,229.771,235.724
498,48566,14.5715,-51.304,229.226,235.349
499,48573,16.1117,-49.8396,229.118,235.029
500,48574,14.6593,-50.0529,230.614,236.438
501,48575,15.9633,-48.681,230.594,236.216
502,48576,15.5466,-49.5283,230.193,235.974
503,48577,16.4479,-48.9029,229.75,235.472
504,48578,17.0622,-48.7423,229.069,234.819
505,48583,17.9513,-46.6993,229.864,235.246
506,48584,17.6473,-47.8186,229.208,234.807
507,48585,17.5315,-46.6761,230.482,235.813
508,48586,17.1013,-47.6617,230.154,235.659
509,48587,16.3854,-47.9968,230.758,236.265
510,48588,18.6823,-46.2698,229.114,234.485
511,48593,17.8945,-45.6927,230.812,235.971
512,48594,18.612,-45.6333,229.806,235.031
513,48595,18.7393,-44.6893,230.381,235.423
514,48596,19.5931,-44.2048,229.317,234.36
515,48597,19.2216,-45.1571,229.196,234.392
516,48603,20.2652,-41.9424,229.487,234.167
517,48604,19.8696,-43.0815,229.6,234.45
518,48605,19.5595,-42.0107,230.749,235.356
519,48606,19.1166,-42.9895,230.948,235.691
520,48607,19.2485,-43.6212,230.345,235.227
521,48612,19.9063,-41.2054,230.52,235.018
522,48613,20.3831,-40.9234,229.734,234.239
523,48614,20.1387,-40.2021,230.499,234.844
524,48615,20.8239,-39.8403,229.218,233.585
525,48621,20.4503,-39.2632,230.229,234.446
526,48622,21.0139,-38.4443,229.18,233.33
527,48623,20.6306,-37.9115,230.192,234.203
528,48628,21.1295,-37.0722,229.12,233.06
529,48629,21.1841,-36.0002,229.06,232.838
530,48630,20.7256,-36.5547,230.146,233.951
531,48631,20.7624,-35.4654,230.092,233.733
532,48636,21.1989,-34.9137,229.014,232.628
533,48637,21.1962,-33.7937,228.967,232.416
534,48638,20.7535,-34.3793,230.086,233.564
535,48639,20.7317,-33.3188,230.039,233.362
536,48645,21.1471,-32.7802,228.956,232.256
537,48646,21.035,-31.7166,228.971,232.113
538,48647,20.6592,-32.2524,229.995,233.162
539,48648,20.4992,-31.2008,230.025,233.035
540,48654,20.888,-30.6855,228.96,231.949
541,48655,20.6739,-29.4999,228.9,231.717
542,48656,20.2584,-30.2164,230.128,232.985
543,48657,19.8215,-29.164,230.428,233.11
544,48658,20.2601,-29.0803,229.543,232.263
545,48663,19.7976,-27.0787,229.091,231.534
546,48664,19.6721,-27.9911,229.989,232.52
547,48665,19.2562,-27.0443,230.065,232.448
548,48666,20.2224,-28.1286,229.013,231.619
549,48672,19.4927,-26.1567,228.916,231.229
550,48673,18.9835,-24.9459,228.738,230.876
551,48674,19.0228,-25.936,229.596,231.838
552,48675,18.7145,-25.233,229.508,231.648
553,48676,18.5222,-26.0654,230.541,232.748
554,48677,18.1396,-24.8944,230.15,232.202
555,48682,17.2716,-23.1479,229.654,231.463
556,48683,17.7094,-23.966,229.898,231.821
557,48684,17.0293,-23.7971,230.703,232.551
558,48685,16.3442,-22.8669,230.621,232.327
559,48686,18.4115,-24.2985,229.101,231.121
560,48694,15.8373,-21.0196,228.957,230.465
561,48695,15.7222,-21.4661,229.732,231.267
562,48696,15.0646,-20.4759,229.199,230.605
563,48697,15.6583,-22.1621,230.666,232.257
564,48698,14.9645,-21.3096,230.447,231.913
565,48699,14.5388,-20.6471,230.07,231.452
566,48700,16.4573,-22.2494,229.753,231.413
567,48710,12.0432,-18.6575,229.621,230.692
568,48711,11.1561,-18.1075,229.481,230.465
569,48712,11.0551,-18.7358,230.524,231.548
570,48713,11.8996,-19.3415,230.736,231.851
571,48714,9.89689,-18.3941,230.811,231.754
572,48715,10.4419,-18.2134,230.186,231.141
573,48716,13.1674,-19.1571,229.349,230.524
574,48717,12.5963,-19.284,230.075,231.225
575,48718,12.9701,-20.0093,230.753,231.982
576,48719,14.1982,-19.9512,229.464,230.767
577,48720,13.799,-20.625,230.801,232.131
578,48721,13.6333,-19.9185,230.014,231.277
579,48747,7.83181,-17.0816,229.937,230.704
580,48748,7.80904,-17.7843,231.046,231.861
581,48749,9.86434,-17.7273,229.81,230.703
582,48750,8.89511,-17.4263,229.925,230.756
583,48751,8.863,-18.1311,231.027,231.906
584,48752,0.251882,-55.0871,231.529,237.993
585,48753,1.36154,-54.843,231.79,238.194
586,48754,3.47493,-54.995,231.311,237.784
587,48755,2.43862,-55.0593,231.404,237.876
588,48760,-5.39201,-53.138,232.634,238.686
589,48763,-4.00623,-54.4588,231.56,237.911
590,48764,-4.16382,-53.7662,232.353,238.529
591,48765,-2.98481,-54.6433,231.636,238.012
592,48766,-4.05692,-53.2118,232.992,239.025
593,48767,-2.96682,-53.8594,232.583,238.757
594,48768,-1.88749,-54.6642,231.861,238.225
595,48769,-0.788974,-53.7513,233.042,239.162
596,48770,-0.795341,-54.6096,232.074,238.414
597,48771,-1.86365,-53.8949,232.765,238.93
598,48772,0.291818,-54.3307,232.443,238.708
599,48773,1.35521,-54.062,232.693,238.895
600,48774,2.43906,-54.4193,232.171,238.476
601,48775,3.4856,-53.481,233.026,239.11
602,48776,3.50113,-54.3172,232.116,238.413
603,48777,2.45883,-53.6326,233.03,239.134
604,48778,4.55998,-54.4561,231.736,238.092
605,48779,5.62789,-54.6273,231.216,237.648
606,48780,5.62651,-53.9678,231.995,238.256
607,48781,4.5497,-53.3876,232.918,239.002
608,48782,4.5863,-54.0039,232.248,238.488
609,48783,5.5932,-53.1145,232.931,238.976
610,48784,7.64728,-52.9086,232.445,238.513
611,48785,6.60155,-52.9662,232.769,238.811
612,48786,7.66739,-53.8375,231.394,237.698
613,48787,6.68718,-53.693,231.95,238.178
614,48788,6.7,-54.3181,231.213,237.602
615,48789,9.28413,-52.9586,231.618,237.776
616,48790,8.33358,-53.1652,231.868,238.031
617,48791,10.2801,-52.4963,231.548,237.647
618,48800,9.82838,-51.9814,232.359,238.306
619,48801,8.80274,-52.4041,232.461,238.457
620,48802,10.9664,-51.7519,231.902,237.86
621,48803,11.8242,-51.3664,231.702,237.622
622,48804,10.8571,-50.9688,232.745,238.508
623,48805,11.9222,-50.3659,232.618,238.307
624,48806,13.5694,-50.5754,231.117,236.975
625,48807,12.5299,-50.6413,231.914,237.709
626,48815,13.4876,-49.8276,231.947,237.622
627,48816,12.6984,-49.6582,232.72,238.298
628,48817,14.0608,-48.781,232.428,237.908
629,48818,13.2021,-49.179,232.77,238.274
630,48819,15.1677,-48.8566,231.314,236.903
631,48820,14.9027,-48.3993,232.004,237.467
632,48821,14.4521,-49.5761,231.323,237.017
633,48827,15.8284,-47.7699,231.609,237.013
634,48828,14.8235,-47.6945,232.67,237.97
635,48829,16.1375,-46.2819,232.466,237.577
636,48830,15.6388,-47.1482,232.322,237.574
637,48831,17.0863,-46.2567,231.409,236.604
638,48832,16.6613,-47.1232,231.214,236.554
639,48838,18.3717,-44.199,231.271,236.172
640,48839,17.7091,-45.09,231.517,236.53
641,48840,17.6824,-43.9931,232.28,237.069
642,48841,17.1496,-44.7064,232.446,237.327
643,48842,16.8059,-45.5421,232.269,237.288
644,48849,17.7556,-43.0259,232.73,237.339
645,48850,18.3463,-43.2584,231.889,236.602
646,48851,18.4682,-41.9208,232.364,236.837
647,48852,18.8331,-42.4872,231.623,236.239
648,48858,19.5499,-40.7451,231.313,235.686
649,48859,19.4552,-39.8473,231.792,235.996
650,48860,19.0901,-41.1311,231.852,236.245
651,48861,18.5835,-39.8125,233.001,237.107
652,48862,18.4614,-40.7524,232.834,237.093
653,48868,19.5917,-37.6168,232.145,235.987
654,48869,19.5543,-38.5601,232.012,236.006
655,48870,19.9947,-39.2235,231.104,235.26
656,48871,19.1576,-39.2082,232.425,236.486
657,48872,20.1679,-37.9049,231.119,235.074
658,48877,19.6513,-36.6152,232.17,235.86
659,48878,19.6796,-35.5067,232.165,235.687
660,48879,20.212,-36.5757,231.197,234.943
661,48880,20.2512,-35.4756,231.15,234.732
662,48887,20.2494,-34.6771,231.124,234.587
663,48888,20.2441,-33.8635,231.093,234.437
664,48889,19.6705,-34.4198,232.149,235.51
665,48890,19.6304,-33.3289,232.113,235.314
666,48895,19.3393,-31.2427,232.083,234.974
667,48896,19.2646,-32.3035,232.485,235.508
668,48897,19.9583,-31.3127,231.099,234.063
669,48898,19.9731,-32.2589,231.331,234.421
670,48899,20.2338,-32.9051,230.988,234.196
671,48904,19.6226,-30.2184,231.271,234.06
672,48905,18.482,-29.1943,232.509,235.063
673,48906,19.0841,-29.2616,231.687,234.306
674,48907,19.0607,-30.2693,232.157,234.896
675,48913,19.2676,-28.6893,231.108,233.678
676,48914,19.0117,-27.756,230.965,233.402
677,48915,18.5601,-27.0025,231.171,233.482
678,48916,18.0881,-28.1939,232.542,234.942
679,48917,18.5824,-28.1438,231.846,234.286
680,48918,17.9697,-27.1306,232.087,234.358
681,48924,17.686,-24.9358,230.862,232.877
682,48925,17.893,-26.0415,231.455,233.601
683,48926,17.3263,-25.3676,231.696,233.724
684,48927,17.3711,-26.3209,232.325,234.455
685,48928,16.9103,-25.4814,232.279,234.284
686,48934,15.7597,-23.0364,231.486,233.163
687,48935,15.8531,-23.8126,232.111,233.867
688,48936,15.0812,-23.2282,232.364,234.009
689,48937,16.2406,-24.7379,232.461,234.337
690,48938,16.9429,-24.6488,231.593,233.517
691,48939,16.4899,-23.8225,231.409,233.216
692,48947,14.2226,-21.3061,231.218,232.633
693,48948,13.0002,-20.8911,231.802,233.104
694,48949,13.7242,-21.6767,232.074,233.488
695,48950,14.0472,-22.7211,232.827,234.355
696,48951,13.0089,-21.9764,232.922,234.318
697,48952,11.8796,-20.6694,232.359,233.579
698,48953,11.9871,-21.3318,232.98,234.262
699,48954,14.5175,-22.1841,231.892,233.403
700,48955,15.1058,-22.2171,231.338,232.893
701,48965,7.56912,-18.4875,232.098,232.956
702,48966,6.2666,-18.342,232.366,233.173
703,48967,7.68158,-19.1596,232.862,233.775
704,48968,6.69574,-19.035,233.053,233.925
705,48969,5.48166,-18.3874,232.638,233.428
706,48970,8.82292,-18.8621,232.023,232.956
707,48971,9.89747,-19.0164,231.65,232.64
708,48972,9.29042,-19.7891,232.881,233.904
709,48973,9.96609,-19.6802,232.411,233.456
710,48974,8.35423,-19.5892,233.081,234.052
711,48975,10.9583,-19.3848,231.467,232.535
712,48976,10.9012,-20.161,232.42,233.547
713,48977,12.0701,-20.0158,231.475,232.652
714,48992,5.61999,-17.5355,231.504,232.235
715,48994,4.49437,-18.6384,233.124,233.911
716,48995,6.69658,-17.7564,231.457,232.234
717,48996,-2.89306,-53.2185,233.28,239.29
718,48997,-1.8319,-53.1403,233.547,239.523
719,48998,-0.840317,-52.9901,233.792,239.724
720,48999,0.255404,-53.5469,233.284,239.351
721,49000,0.887965,-53.1342,233.67,239.637
722,49001,-0.147884,-52.5048,234.256,240.068
723,49002,2.95377,-52.5889,233.976,239.832
724,49003,1.84789,-53.0221,233.707,239.654
725,49004,3.97915,-52.5244,233.873,239.732
726,49005,4.68826,-52.8081,233.469,239.413
727,49007,-8.50401,-51.0359,233.358,239.025
728,49008,-7.66122,-50.8315,233.927,239.508
729,49009,-7.7276,-51.5675,233.256,239.013
730,49010,-6.64796,-51.8209,233.479,239.253
731,49011,-5.55904,-51.1626,234.417,240
732,49012,-5.5504,-51.8714,233.824,239.572
733,49013,-5.47786,-52.4002,233.357,239.231
734,49014,-6.67574,-50.8929,234.26,239.818
735,49015,-4.47804,-52.3258,233.737,239.565
736,49016,-4.70437,-51.1345,234.682,240.234
737,49017,-4.02651,-50.5833,235.264,240.674
738,49018,-3.99126,-51.6451,234.458,240.112
739,49019,-3.02648,-51.0487,235.124,240.621
740,49020,-2.86097,-51.865,234.513,240.197
741,49021,-3.27091,-52.4413,233.936,239.764
742,49022,-1.88608,-52.2455,234.347,240.107
743,49023,-0.814555,-51.8764,234.753,240.418
744,49024,-1.77355,-51.149,235.23,240.733
745,49025,0.835353,-52.3556,234.374,240.152
746,49026,0.578124,-51.5441,235.047,240.633
747,49027,1.8995,-51.9588,234.643,240.335
748,49028,2.91771,-51.6456,234.795,240.426
749,49029,3.95774,-51.6152,234.675,240.317
750,49030,5.34211,-50.921,234.977,240.49
751,49031,5.10809,-51.9044,234.208,239.945
752,49032,4.57582,-50.9615,235.105,240.608
753,49033,5.71416,-52.3409,233.659,239.517
754,49034,7.71559,-50.5524,234.591,240.1
755,49035,6.88737,-50.4381,234.947,240.399
756,49036,6.03044,-50.8564,234.857,240.376
757,49037,6.94855,-52.2314,233.384,239.258
758,49038,6.40793,-51.6011,234.13,239.835
759,49039,7.69268,-51.4681,233.823,239.544
760,49040,8.44669,-51.9616,233.062,238.934
761,49041,9.7576,-50.3808,233.874,239.438
762,49042,9.73508,-51.1979,233.166,238.919
763,49043,8.77293,-51.2604,233.569,239.289
764,49044,8.70032,-50.4205,234.322,239.843
765,49045,10.7471,-50.2304,233.479,239.063
766,49047,-11.4018,-48.1622,233.847,239.027
767,49049,-10.3725,-48.4395,234.315,239.494
768,49050,-9.35004,-48.4138,234.883,240.003
769,49051,-9.73949,-49.3698,234.031,239.38
770,49052,-9.47034,-50.145,233.587,239.097
771,49053,-8.17387,-50.0703,234.299,239.729
772,49054,-8.76057,-49.4369,234.489,239.804
773,49055,-7.20615,-49.8378,234.858,240.196
774,49056,-8.01268,-48.8697,235.189,240.346
775,49057,-6.15243,-50.0703,235.054,240.406
776,49058,-5.08684,-50.3007,235.198,240.571
777,49059,9.73993,-49.5975,234.519,239.904
778,49060,8.72478,-49.5956,234.96,240.296
779,49061,10.2292,-48.6904,234.963,240.173
780,49062,11.2199,-48.5486,234.553,239.787
781,49063,10.7849,-49.4657,234.094,239.506
782,49064,11.9334,-48.7608,233.978,239.302
783,49065,11.782,-49.6937,233.313,238.838
784,49066,13.5094,-48.2705,233.291,238.615
785,49067,12.6392,-48.6954,233.573,238.93
786,49069,-13.0246,-46.5722,233.693,238.644
787,49070,-11.8425,-46.3947,234.65,239.486
788,49071,-12.2362,-47.1696,233.92,238.942
789,49072,-11.3406,-47.3926,234.393,239.405
790,49073,-10.2581,-47.651,234.876,239.881
791,49074,14.0204,-46.1683,234.371,239.287
792,49075,13.8464,-47.1122,233.889,238.988
793,49076,12.8545,-47.0699,234.588,239.609
794,49077,12.9623,-47.7336,234.072,239.241
795,49078,11.9122,-47.6418,234.788,239.868
796,49079,15.3178,-46.0532,233.414,238.406
797,49080,14.9045,-46.6462,233.377,238.459
798,49081,14.2669,-47.7208,233.125,238.386
799,49086,-12.302,-45.4461,234.838,239.511
800,49088,15.8636,-44.4401,233.901,238.613
801,49089,14.9058,-44.6162,234.603,239.273
802,49090,15.9544,-45.5084,233.178,238.112
803,49091,14.9087,-45.4129,234.158,238.987
804,49092,15.4545,-43.8174,234.575,239.132
805,49093,16.413,-44.6371,233.268,238.067
806,49094,16.9333,-43.9075,233.161,237.863
807,49100,17.5505,-42.3954,233.24,237.71
808,49101,16.7483,-43.0622,233.781,238.303
809,49102,16.9365,-42.0688,234.006,238.36
810,49103,15.8727,-42.7324,234.716,239.102
811,49104,16.2884,-43.5554,233.982,238.558
812,49105,16.3715,-41.5814,234.717,238.933
813,49113,17.8607,-39.9859,233.787,237.854
814,49114,17.1509,-40.7751,234.262,238.402
815,49115,17.8373,-41.3849,233.331,237.643
816,49116,17.2467,-39.506,234.548,238.477
817,49122,17.8243,-38.7353,234.155,238.005
818,49123,17.3662,-38.0481,234.757,238.454
819,49124,18.5795,-38.6951,233.309,237.225
820,49125,18.0703,-37.5203,234.122,237.797
821,49126,18.7929,-37.6081,233.256,237.015
822,49132,19.1639,-35.5114,232.935,236.404
823,49133,18.9281,-36.5647,233.21,236.817
824,49134,18.6068,-35.5143,233.666,237.081
825,49135,17.7756,-35.5503,234.604,237.947
826,49136,18.3243,-36.5595,233.95,237.498
827,49137,17.7028,-36.5254,234.627,238.112
828,49144,18.9544,-34.4475,233.201,236.492
829,49145,18.2967,-33.436,233.946,237.03
830,49146,18.2053,-34.4823,234.118,237.343
831,49147,18.9654,-33.3865,233.1,236.242
832,49153,18.549,-32.6861,233.532,236.536
833,49154,18.7913,-31.0619,232.817,235.631
834,49155,18.3789,-31.841,233.564,236.44
835,49156,17.6667,-32.9045,234.576,237.53
836,49157,17.5791,-31.8484,234.478,237.283
837,49164,17.6858,-29.7613,233.727,236.277
838,49165,16.8789,-29.2158,234.375,236.792
839,49166,17.5359,-30.8215,234.256,236.925
840,49167,17.0287,-29.9899,234.515,237.037
841,49168,18.2964,-29.8396,233.021,235.636
842,49169,18.166,-30.8321,233.54,236.266
843,49176,17.3494,-27.1588,232.869,235.089
844,49177,17.3186,-27.8805,233.301,235.598
845,49178,17.5425,-28.7061,233.45,235.861
846,49179,15.7365,-27.1718,234.476,236.569
847,49180,16.5637,-27.5246,233.902,236.098
848,49181,15.8764,-27.9034,234.717,236.903
849,49182,16.6126,-28.413,234.29,236.59
850,49188,15.8469,-25.0806,233.112,234.993
851,49189,15.4904,-25.549,233.761,235.663
852,49190,15.6033,-26.2826,234.105,236.092
853,49191,14.7881,-25.3947,234.263,236.099
854,49192,14.9057,-26.5297,234.828,236.792
855,49193,14.0385,-25.4051,234.846,236.633
856,49194,16.4291,-26.6425,233.546,235.634
857,49195,16.5699,-25.9819,232.996,235.025
858,49203,13.4982,-23.2529,233.708,235.249
859,49204,13.8077,-24.0445,234.107,235.743
860,49205,12.5805,-23.1462,234.228,235.704
861,49206,13.9112,-24.7346,234.515,236.226
862,49207,12.9308,-23.9838,234.647,236.224
863,49208,11.3061,-22.846,234.717,236.097
864,49209,12.1359,-23.7573,234.949,236.459
865,49210,15.2827,-24.2652,233.047,234.805
866,49211,14.5906,-24.3208,233.7,235.415
867,49212,14.4651,-23.5483,233.202,234.834
868,49225,9.31597,-21.0563,234.148,235.277
869,49226,8.20955,-20.8163,234.365,235.431
870,49227,9.92306,-21.6389,234.401,235.607
871,49228,8.74168,-21.6024,234.863,236.016
872,49229,7.59217,-21.2305,234.937,236.017
873,49230,9.91822,-20.5353,233.36,234.471
874,49231,10.9145,-20.9302,233.226,234.417
875,49232,10.7619,-21.7179,234.058,235.31
876,49233,11.6961,-22.1791,233.951,235.291
877,49234,10.3512,-22.6776,235.058,236.376
878,49235,12.3999,-22.2825,233.613,235.001
879,49249,2.39249,-19.4963,234.172,234.994
880,49250,3.44469,-19.1354,233.764,234.572
881,49251,3.4297,-19.8601,234.49,235.354
882,49252,1.79596,-20.0173,234.675,235.534
883,49253,2.86156,-20.4219,235.038,235.941
884,49254,4.50652,-19.5853,234.125,234.986
885,49255,5.5888,-19.2357,233.566,234.424
886,49256,5.60145,-20.5816,234.866,235.833
887,49257,5.57833,-19.8945,234.234,235.143
888,49258,4.04368,-20.437,234.974,235.896
889,49259,4.92265,-20.6861,235.084,236.044
890,49260,6.551,-19.8069,233.915,234.843
891,49261,6.57481,-20.7855,234.83,235.84
892,49262,7.70798,-19.9896,233.745,234.725
893,49263,7.15403,-20.2957,234.223,235.21
894,49264,8.78217,-20.4136,233.761,234.815
895,49265,-0.501657,-50.7698,235.612,241.02
896,49266,0.834289,-50.6093,235.745,241.117
897,49267,1.88645,-50.9716,235.428,240.89
898,49268,3.21233,-50.7282,235.483,240.907
899,49269,-7.46664,-48.1131,235.847,240.82
900,49270,-6.67916,-48.861,235.674,240.779
901,49271,-5.11371,-48.3892,236.392,241.348
902,49272,-5.6616,-49.154,235.799,240.934
903,49273,-4.36721,-49.5143,235.904,241.084
904,49274,-3.88718,-48.8224,236.427,241.446
905,49275,-2.77836,-48.8225,236.623,241.623
906,49276,-2.93515,-49.9781,235.888,241.142
907,49277,-1.86582,-48.4143,236.979,241.881
908,49278,-0.908185,-48.8949,236.797,241.794
909,49279,-1.59618,-49.9449,236.087,241.317
910,49280,0.0862739,-49.7192,236.345,241.518
911,49281,0.579757,-48.7114,236.966,241.921
912,49282,1.42099,-49.7876,236.291,241.484
913,49283,2.42418,-50.0653,236.043,241.306
914,49284,3.43798,-48.6256,236.877,241.841
915,49285,3.4701,-49.502,236.318,241.472
916,49286,2.50022,-49.0286,236.715,241.752
917,49287,1.84882,-48.6792,236.964,241.92
918,49288,4.28343,-48.7373,236.704,241.707
919,49289,5.0725,-48.7964,236.536,241.57
920,49290,4.09451,-49.9724,235.913,241.183
921,49291,5.07104,-49.861,235.825,241.091
922,49292,7.12563,-49.271,235.735,240.934
923,49293,7.15008,-48.2513,236.397,241.377
924,49294,7.77071,-49.8217,235.14,240.486
925,49295,6.07709,-49.8436,235.61,240.902
926,49296,6.11818,-48.7255,236.358,241.406
927,49297,9.18741,-48.6311,235.468,240.613
928,49298,8.13873,-48.2062,236.129,241.136
929,49299,8.17115,-48.9621,235.621,240.793
930,49300,-10.9064,-46.7015,235.054,239.897
931,49301,-10.3073,-46.0711,235.69,240.372
932,49302,-9.32966,-45.9228,236.213,240.817
933,49303,-9.53505,-47.0178,235.595,240.43
934,49304,-7.19732,-47.2288,236.41,241.189
935,49305,-8.7613,-47.7351,235.554,240.501
936,49306,-7.28251,-46.151,236.896,241.459
937,49307,-8.14744,-47.1105,236.131,240.923
938,49308,-8.20384,-46.0878,236.597,241.183
939,49309,-6.28368,-46.6751,236.963,241.598
940,49310,-6.13781,-47.8417,236.419,241.289
941,49311,-5.49162,-46.9354,237.053,241.717
942,49312,-3.49021,-47.8857,237.023,241.837
943,49313,-4.50897,-47.7877,236.867,241.681
944,49314,5.47961,-48.0057,236.943,241.819
945,49315,7.62277,-47.2909,236.83,241.626
946,49316,6.59756,-47.5822,236.939,241.759
947,49317,9.6196,-46.5561,236.551,241.28
948,49318,8.67588,-46.5932,236.877,241.571
949,49319,9.75658,-47.5982,235.9,240.852
950,49320,8.69778,-47.537,236.346,241.236
951,49321,11.2808,-46.0434,236.08,240.793
952,49322,10.5737,-46.0991,236.388,241.073
953,49323,10.7913,-47.6739,235.373,240.395
954,49324,11.7307,-46.9387,235.337,240.259
955,49325,10.761,-46.9181,235.849,240.711
956,49326,12.2438,-45.9108,235.641,240.384
957,49327,12.5833,-46.5111,235.101,239.988
958,49328,13.0973,-45.9826,235.093,239.906
959,49329,-11.3497,-45.5125,235.393,240.021
960,49330,-12.3563,-43.9212,235.457,239.837
961,49331,-12.2914,-44.7178,235.178,239.707
962,49332,-11.4479,-44.5375,235.753,240.196
963,49333,-9.73444,-44.4235,236.649,240.979
964,49334,-10.3612,-45.0088,236.131,240.605
965,49335,-11.1256,-43.9392,236.152,240.462
966,49336,-8.81267,-45.1932,236.741,241.177
967,49337,11.8024,-45.2964,236.2,240.794
968,49338,11.7863,-44.5574,236.56,241.008
969,49339,10.7883,-44.9257,236.866,241.33
970,49340,12.8058,-44.2658,236.144,240.598
971,49341,11.8901,-43.9177,236.787,241.119
972,49342,13.7923,-44.4581,235.457,240.014
973,49343,12.8568,-44.992,235.768,240.367
974,49344,13.7755,-45.3995,234.982,239.724
975,49345,14.417,-43.7436,235.382,239.846
976,49349,-11.4418,-41.8291,236.575,240.517
977,49350,-11.8918,-42.9445,236.051,240.22
978,49352,-11.0587,-42.9015,236.51,240.624
979,49353,-10.2164,-43.4928,236.75,240.929
980,49354,13.5803,-43.2983,236.106,240.427
981,49355,12.6804,-43.3944,236.586,240.867
982,49356,13.3073,-42.2714,236.646,240.76
983,49357,15.4505,-41.7783,235.412,239.589
984,49358,14.3737,-42.2883,235.993,240.182
985,49359,15.0419,-42.8846,235.308,239.657
986,49363,-11.7907,-39.6862,236.801,240.393
987,49364,-11.7222,-40.6508,236.676,240.427
988,49366,-12.4597,-40.7885,236.238,240.057
989,49367,15.8886,-39.6412,235.704,239.542
990,49368,15.5735,-40.7468,235.648,239.651
991,49369,14.5352,-41.2736,236.223,240.242
992,49370,14.229,-40.0122,236.773,240.551
993,49371,15.0543,-39.7318,236.302,240.091
994,49372,13.7799,-41.2043,236.716,240.67
995,49373,16.5,-40.1985,235.045,239.028
996,49380,15.8422,-37.4735,236.154,239.633
997,49381,15.9372,-38.6021,235.895,239.564
998,49382,15.1445,-38.6305,236.475,240.088
999,49383,14.7971,-37.57,236.875,240.292
1000,49384,16.7165,-38.8265,235.198,238.967
1001,49385,16.6078,-37.3458,235.556,239.076
1002,49395,15.5135,-36.2305,236.519,239.78
1003,49396,16.3053,-36.1302,235.927,239.234
1004,49397,17.0161,-36.0216,235.326,238.674
1005,49398,17.2208,-37.126,235.036,238.572
1006,49405,17.584,-33.9164,234.767,237.855
1007,49406,16.7763,-33.9309,235.535,238.557
1008,49407,17.2537,-34.9409,235.127,238.334
1009,49408,16.5689,-34.9861,235.742,238.899
1010,49409,16.0118,-35.042,236.192,239.314
1011,49410,16.0548,-33.8559,236.131,239.086
1012,49411,15.5858,-34.4453,236.501,239.504
1013,49419,15.218,-31.8227,236.489,239.106
1014,49420,15.5344,-32.9363,236.428,239.216
1015,49421,16.2788,-32.8824,235.854,238.691
1016,49422,15.9549,-31.835,235.951,238.623
1017,49423,16.9444,-32.8828,235.277,238.167
1018,49424,16.7073,-31.855,235.325,238.058
1019,49427,-9.35127,-29.0289,236.979,238.934
1020,49428,-9.98065,-30.3713,237.08,239.225
1021,49431,15.2464,-29.7689,235.96,238.319
1022,49432,15.1995,-30.8235,236.293,238.779
1023,49433,14.2818,-29.2614,236.457,238.689
1024,49434,14.3587,-30.2053,236.691,239.043
1025,49435,16.9958,-30.8254,234.811,237.435
1026,49436,16.5217,-30.3832,235.125,237.655
1027,49437,16.1091,-29.7253,235.271,237.688
1028,49438,16.1638,-30.8938,235.577,238.143
1029,49441,-9.27723,-27.9493,236.626,238.451
1030,49444,-8.23263,-27.5421,236.948,238.686
1031,49445,13.2852,-27.5105,236.396,238.362
1032,49446,13.9246,-28.1972,236.3,238.383
1033,49447,13.3359,-28.85,236.879,239.002
1034,49448,14.9006,-28.6649,235.819,238.021
1035,49449,15.8409,-28.7453,235.12,237.4
1036,49450,13.9831,-27.003,235.743,237.696
1037,49451,14.8816,-27.6249,235.393,237.476
1038,49454,-7.18788,-26.9296,237.139,238.771
1039,49455,-8.16262,-26.6629,236.602,238.239
1040,49456,-7.54166,-25.7354,236.427,237.943
1041,49460,-6.53715,-25.886,236.917,238.416
1042,49462,-5.61076,-25.1126,236.857,238.251
1043,49463,11.7715,-25.5084,236.212,237.877
1044,49464,10.8121,-25.5247,236.651,238.269
1045,49465,11.2405,-26.3587,236.872,238.599
1046,49466,12.1308,-26.6089,236.583,238.384
1047,49467,12.8958,-26.5506,236.17,238.007
1048,49468,13.8419,-26.1045,235.38,237.227
1049,49469,12.7507,-25.591,235.757,237.484
1050,49470,12.948,-24.8122,235.191,236.85
1051,49472,-4.89841,-24.3211,236.652,237.949
1052,49476,-3.95337,-23.2845,236.299,237.476
1053,49477,-2.83227,-23.4089,236.683,237.855
1054,49478,-3.85875,-24.0483,236.812,238.061
1055,49479,7.05005,-23.4479,236.702,237.965
1056,49480,7.69506,-22.788,236.107,237.329
1057,49481,8.51707,-23.4494,236.3,237.613
1058,49482,9.75428,-23.3651,235.81,237.165
1059,49483,9.63191,-24.1718,236.371,237.799
1060,49484,8.67575,-24.4318,236.843,238.258
1061,49485,10.5811,-24.7419,236.328,237.855
1062,49486,10.6539,-23.997,235.849,237.306
1063,49487,11.7135,-24.5057,235.668,237.228
1064,49488,11.3085,-23.6073,235.279,236.731
1065,49493,-1.47485,-23.0022,236.703,237.823
1066,49494,-0.762316,-22.0309,236.137,237.164
1067,49495,-1.8134,-22.2117,236.08,237.13
1068,49496,-0.786924,-21.1589,235.443,236.393
1069,49498,0.287971,-21.0149,235.47,236.406
1070,49499,0.271858,-21.8659,236.148,237.159
1071,49500,1.29281,-21.0776,235.599,236.544
1072,49501,1.3354,-21.8375,236.205,237.216
1073,49502,0.830203,-22.5698,236.704,237.779
1074,49503,-0.22138,-22.8869,236.817,237.921
1075,49504,1.92704,-20.6827,235.281,236.197
1076,49505,2.42622,-21.3837,235.866,236.846
1077,49506,3.69555,-21.0569,235.537,236.505
1078,49507,3.29705,-21.6856,236.069,237.085
1079,49508,3.79886,-22.3248,236.503,237.584
1080,49509,2.38133,-22.2445,236.517,237.572
1081,49510,1.6033,-22.7917,236.89,237.989
1082,49511,4.54223,-21.7102,235.977,237.017
1083,49512,5.53929,-21.6613,235.778,236.835
1084,49513,5.51805,-22.5116,236.408,237.542
1085,49514,4.95496,-22.9933,236.826,237.991
1086,49515,6.43584,-22.4853,236.208,237.363
1087,49516,6.67496,-21.6859,235.558,236.648
1088,49517,7.64654,-22.0493,235.584,236.737
1089,49518,9.49195,-22.4439,235.249,236.508
1090,49519,8.67596,-22.3847,235.508,236.729
1091,49520,-4.49107,-46.773,237.379,241.985
1092,49521,-3.41846,-46.8082,237.578,242.17
1093,49522,-2.41379,-47.322,237.486,242.167
1094,49523,-2.85516,-45.7868,238.132,242.511
1095,49524,-1.59133,-46.1233,238.151,242.581
1096,49525,-1.25835,-47.3701,237.595,242.275
1097,49526,1.36077,-47.676,237.539,242.28
1098,49527,0.011498,-47.7178,237.502,242.248
1099,49528,0.849436,-46.5301,238.115,242.62
1100,49529,-0.242092,-46.6302,238.031,242.556
1101,49530,3.47709,-47.6604,237.431,242.192
1102,49531,2.42328,-47.6779,237.502,242.253
1103,49532,3.47315,-46.0262,238.257,242.687
1104,49533,2.87586,-46.689,237.985,242.538
1105,49534,1.88694,-46.4746,238.133,242.633
1106,49535,5.10568,-47.0512,237.552,242.221
1107,49536,5.0572,-46.144,238.02,242.504
1108,49537,4.4411,-47.663,237.321,242.101
1109,49538,4.11246,-46.5947,237.927,242.481
1110,49539,7.34937,-46.4787,237.34,241.959
1111,49540,6.08285,-46.0462,237.863,242.355
1112,49541,5.9949,-47.0106,237.395,242.079
1113,49542,-8.68498,-44.4305,237.084,241.368
1114,49543,-7.71709,-44.7131,237.34,241.638
1115,49544,-6.67781,-45.541,237.349,241.771
1116,49545,-6.67453,-44.5411,237.74,241.969
1117,49546,-5.61899,-45.6422,237.6,242.009
1118,49547,-5.05,-44.0003,238.365,242.445
1119,49548,-5.71422,-44.6601,237.962,242.184
1120,49549,-3.98024,-45.6535,237.985,242.357
1121,49550,-4.78424,-45.3947,237.912,242.252
1122,49551,-2.80691,-44.5066,238.647,242.778
1123,49552,-3.97341,-44.5694,238.41,242.572
1124,49553,-1.36275,-44.0645,239.003,243.035
1125,49554,-1.51889,-45.1311,238.581,242.817
1126,49555,0.0400633,-45.5916,238.514,242.832
1127,49556,-0.252248,-44.5309,238.927,243.042
1128,49557,1.38643,-45.3581,238.642,242.919
1129,49558,0.811861,-44.5059,238.981,243.091
1130,49559,2.55236,-45.4868,238.555,242.866
1131,49560,3.36641,-44.579,238.881,243.028
1132,49561,4.08451,-45.1933,238.572,242.849
1133,49562,5.0316,-44.3579,238.795,242.932
1134,49563,5.02872,-45.2755,238.421,242.734
1135,49564,6.19715,-44.035,238.702,242.809
1136,49565,7.14094,-44.3724,238.352,242.552
1137,49566,6.08067,-45.063,238.311,242.61
1138,49567,7.12182,-45.4904,237.877,242.293
1139,49568,9.19216,-45.4586,237.258,241.749
1140,49569,8.16642,-45.4765,237.589,242.04
1141,49570,9.55886,-44.4477,237.577,241.888
1142,49571,9.02624,-43.5589,238.122,242.242
1143,49572,8.16249,-44.4134,238.055,242.301
1144,49573,10.0617,-45.4884,236.912,241.449
1145,49574,10.8207,-43.9619,237.273,241.554
1146,49575,-9.25124,-43.4776,237.179,241.309
1147,49576,-10.5296,-41.8103,237.033,240.923
1148,49577,-9.80615,-42.453,237.214,241.182
1149,49578,-7.17989,-43.4902,237.943,241.992
1150,49579,-8.2162,-43.4907,237.584,241.671
1151,49580,-7.68494,-42.4015,238.061,241.93
1152,49581,-8.73036,-42.3884,237.676,241.584
1153,49582,-6.14153,-43.4898,238.253,242.267
1154,49583,-4.94221,-43.0357,238.696,242.595
1155,49584,-5.52388,-42.3368,238.725,242.513
1156,49585,-6.63658,-42.3954,238.404,242.235
1157,49586,-4.09404,-42.2947,239.074,242.821
1158,49587,-3.9408,-43.4285,238.804,242.753
1159,49588,-2.53293,-43.5368,239.025,242.971
1160,49589,7.58057,-43.427,238.6,242.639
1161,49590,8.24409,-42.653,238.664,242.586
1162,49591,9.19015,-42.2602,238.484,242.373
1163,49592,11.5096,-43.2689,237.234,241.422
1164,49593,10.2297,-43.3926,237.747,241.891
1165,49594,11.2503,-42.3074,237.677,241.675
1166,49595,10.2291,-42.318,238.099,242.046
1167,49596,12.2791,-42.2994,237.19,241.245
1168,49597,-10.9445,-40.9151,237.024,240.778
1169,49598,-9.74857,-41.3014,237.499,241.26
1170,49599,-10.8607,-39.3432,237.323,240.807
1171,49600,-10.2825,-40.2463,237.461,241.067
1172,49601,-9.03501,-40.3215,237.988,241.549
1173,49602,-7.12441,-41.3127,238.493,242.15
1174,49603,-7.91243,-41.3161,238.224,241.91
1175,49604,-8.70914,-41.3184,237.925,241.643
1176,49605,-7.59743,-40.2158,238.548,242.034
1177,49606,-8.53735,-39.3682,238.332,241.712
1178,49607,-6.56301,-40.2089,238.883,242.332
1179,49608,-6.07104,-41.2788,238.817,242.434
1180,49609,9.04295,-41.3091,238.784,242.499
1181,49610,10.0687,-40.5932,238.611,242.249
1182,49611,10.1884,-39.6422,238.765,242.248
1183,49612,11.2208,-40.204,238.254,241.883
1184,49613,10.2777,-41.3556,238.347,242.126
1185,49614,11.2701,-41.2566,237.973,241.785
1186,49615,12.5548,-41.2432,237.373,241.256
1187,49616,13.2963,-40.1979,237.265,241.013
1188,49617,12.3178,-40.2055,237.761,241.451
1189,49618,-9.76136,-39.1863,237.847,241.251
1190,49619,-9.75927,-38.1357,237.944,241.179
1191,49620,-10.8786,-37.9789,237.438,240.702
1192,49621,-7.57344,-37.6037,238.842,241.903
1193,49622,-7.77244,-38.5846,238.704,241.928
1194,49623,-7.0937,-39.1879,238.872,242.169
1195,49624,-8.74304,-38.0904,238.373,241.555
1196,49625,11.8468,-38.1071,238.354,241.671
1197,49626,10.9866,-38.0677,238.708,241.974
1198,49627,11.2385,-39.1719,238.449,241.906
1199,49628,10.3147,-38.6267,238.885,242.208
1200,49629,13.4561,-39.0272,237.434,240.996
1201,49630,12.3385,-39.1563,237.972,241.488
1202,49631,13.8156,-37.554,237.467,240.815
1203,49632,12.8482,-38.0874,237.899,241.271
1204,49633,14.2924,-38.5487,237.043,240.582
1205,49634,-9.30732,-37.0824,238.177,241.226
1206,49635,-10.3259,-37.0887,237.729,240.826
1207,49636,-9.3136,-35.4723,238.156,240.964
1208,49637,-9.60117,-36.2894,238.053,240.994
1209,49638,-10.3837,-35.4818,237.677,240.535
1210,49640,-7.24256,-35.4916,238.977,241.706
1211,49641,-7.5652,-36.556,238.872,241.771
1212,49642,-8.44094,-36.7986,238.535,241.504
1213,49643,-8.34006,-35.4621,238.559,241.325
1214,49644,11.6235,-37.1051,238.55,241.698
1215,49645,11.3945,-36.0598,238.706,241.683
1216,49646,12.3096,-36.0923,238.319,241.351
1217,49647,13.3195,-35.9915,237.851,240.927
1218,49648,12.8347,-37.0391,238.019,241.226
1219,49649,13.9062,-36.5896,237.507,240.711
1220,49650,14.7659,-36.5038,236.999,240.248
1221,49651,14.268,-35.2294,237.35,240.374
1222,49652,15.1129,-35.2281,236.83,239.912
1223,49655,-9.77352,-33.3609,237.789,240.317
1224,49656,-10.1512,-34.4207,237.724,240.417
1225,49657,-9.32027,-34.4096,238.097,240.751
1226,49658,-7.08511,-34.3894,238.978,241.543
1227,49659,-8.22617,-34.4318,238.553,241.165
1228,49660,-7.69547,-33.3742,238.659,241.104
1229,49661,-8.7897,-33.3328,238.218,240.699
1230,49662,-6.78548,-33.2982,238.976,241.38
1231,49663,13.1782,-33.8725,237.915,240.675
1232,49664,13.3131,-34.9529,237.871,240.794
1233,49665,12.5094,-34.7022,238.253,241.091
1234,49666,11.7421,-35.0096,238.587,241.428
1235,49667,11.9163,-33.9776,238.496,241.198
1236,49668,15.138,-33.8344,236.788,239.672
1237,49669,14.2321,-33.9382,237.342,240.179
1238,49670,-9.50623,-32.2834,237.738,240.108
1239,49671,-9.26055,-30.9867,237.58,239.771
1240,49672,-7.11853,-32.315,238.715,240.998
1241,49673,-8.23974,-32.2695,238.282,240.598
1242,49674,-6.96014,-31.3174,238.588,240.735
1243,49675,-8.24764,-31.1968,238.068,240.245
1244,49676,-6.10191,-32.0505,239.016,241.233
1245,49677,11.6644,-31.2938,238.282,240.611
1246,49678,11.238,-32.2166,238.6,241.027
1247,49679,10.5982,-31.3908,238.705,240.994
1248,49680,11.2256,-33.3493,238.736,241.316
1249,49681,11.9237,-32.6834,238.383,240.908
1250,49682,12.7979,-32.8657,238.012,240.611
1251,49683,13.7515,-32.8587,237.526,240.182
1252,49684,12.7723,-31.83,237.887,240.346
1253,49685,13.5171,-31.8626,237.521,240.03
1254,49686,14.1841,-31.7968,237.137,239.679
1255,49687,14.6417,-32.4304,236.958,239.615
1256,49688,14.7872,-33.0242,236.939,239.686
1257,49689,-7.42593,-30.5431,238.241,240.306
1258,49690,-8.43308,-29.7643,237.621,239.626
1259,49691,-7.1484,-29.6126,238.097,240.037
1260,49692,-5.10773,-29.6826,238.804,240.696
1261,49693,-5.97469,-30.6425,238.776,240.808
1262,49694,-6.06922,-29.6287,238.485,240.395
1263,49695,11.2744,-29.2097,237.941,239.992
1264,49696,11.2459,-30.2864,238.237,240.418
1265,49697,9.39179,-29.5496,238.686,240.691
1266,49698,10.4354,-29.2346,238.262,240.275
1267,49699,10.2871,-30.1989,238.567,240.69
1268,49700,13.5249,-30.8098,237.318,239.692
1269,49701,12.7826,-30.7953,237.688,240.016
1270,49702,13.307,-29.7457,237.17,239.398
1271,49703,12.1881,-30.1886,237.822,240.04
1272,49704,12.2726,-29.2334,237.524,239.631
1273,49705,14.1356,-30.8979,236.994,239.417
1274,49706,-8.26701,-28.5269,237.3,239.152
1275,49707,-7.24213,-27.9264,237.511,239.257
1276,49708,-7.06233,-28.6376,237.826,239.648
1277,49709,-5.0718,-28.5087,238.468,240.219
1278,49710,-5.96901,-28.6632,238.229,240.021
1279,49711,-6.15025,-27.9469,237.927,239.641
1280,49712,-4.98409,-27.5382,238.159,239.798
1281,49713,-5.99145,-26.8231,237.549,239.133
1282,49714,-3.26015,-28.1765,238.818,240.496
1283,49715,-4.30939,-28.8476,238.787,240.562
1284,49716,-2.83347,-27.1125,238.527,240.08
1285,49717,-3.95428,-27.1837,238.301,239.879
1286,49718,9.70174,-27.6531,237.983,239.781
1287,49719,8.75556,-27.5987,238.248,240.001
1288,49720,9.68568,-28.5737,238.309,240.211
1289,49721,8.74291,-28.5041,238.562,240.418
1290,49722,7.75473,-27.0489,238.3,239.955
1291,49723,7.66273,-28.1428,238.713,240.488
1292,49724,10.7295,-28.1725,237.813,239.717
1293,49725,11.7444,-28.1931,237.414,239.371
1294,49726,10.7057,-27.1515,237.433,239.22
1295,49727,11.7357,-27.3109,237.076,238.932
1296,49728,12.6117,-27.9863,236.94,238.92
1297,49729,-4.89772,-25.5416,237.318,238.739
1298,49730,-4.9927,-26.486,237.734,239.257
1299,49731,-2.84509,-25.9985,238.063,239.495
1300,49732,-3.90563,-25.9718,237.803,239.249
1301,49733,-2.86226,-24.7701,237.464,238.77
1302,49734,-3.90098,-24.9793,237.319,238.662
1303,49735,-0.68567,-26.5658,238.69,240.165
1304,49736,-1.68859,-26.9172,238.675,240.194
1305,49737,-0.763337,-25.519,238.213,239.577
1306,49738,-1.82025,-25.9456,238.242,239.658
1307,49739,-1.79727,-24.9585,237.774,239.087
1308,49740,0.304222,-25.0339,238.097,239.41
1309,49741,0.295393,-26.0514,238.577,239.995
1310,49742,1.34372,-25.1332,238.209,239.535
1311,49743,1.35234,-26.2903,238.739,240.186
1312,49744,2.38666,-25.1106,238.205,239.537
1313,49745,3.41763,-25.0353,238.124,239.461
1314,49746,3.45517,-25.9958,238.565,240.002
1315,49747,2.38202,-26.2317,238.716,240.164
1316,49748,4.45872,-25.573,238.289,239.699
1317,49749,5.48973,-25.6821,238.194,239.637
1318,49750,4.57601,-26.5219,238.685,240.197
1319,49751,6.54126,-25.5446,237.938,239.395
1320,49752,6.43255,-26.4805,238.364,239.916
1321,49753,7.55021,-25.1195,237.508,238.952
1322,49754,7.61896,-26.0911,237.94,239.488
1323,49755,7.07775,-27.2965,238.547,240.208
1324,49756,5.71274,-27.1014,238.737,240.339
1325,49757,8.67488,-26.6172,237.888,239.529
1326,49758,9.59508,-26.7221,237.651,239.341
1327,49759,8.57586,-25.3949,237.373,238.881
1328,49760,9.70347,-25.1467,236.889,238.417
1329,49761,9.16144,-25.8449,237.408,238.986
1330,49762,10.178,-26.1543,237.202,238.856
1331,49763,-1.88702,-23.9163,237.196,238.406
1332,49764,-0.7523,-23.6505,237.227,238.404
1333,49765,-0.748948,-24.4311,237.667,238.921
1334,49766,1.34394,-23.951,237.588,238.796
1335,49767,0.297314,-23.9253,237.507,238.709
1336,49768,0.822346,-23.1082,237.058,238.183
1337,49769,3.4417,-23.9856,237.573,238.805
1338,49770,2.39053,-23.9663,237.605,238.823
1339,49771,3.39339,-22.9947,236.982,238.119
1340,49772,2.38667,-23.0152,237.038,238.164
1341,49773,5.49224,-24.4904,237.613,238.935
1342,49774,4.48377,-24.4881,237.755,239.055
1343,49775,4.74899,-23.7343,237.311,238.542
1344,49776,4.22046,-23.0072,236.924,238.076
1345,49777,6.01457,-23.4716,236.942,238.177
1346,49778,7.68848,-24.2632,237.023,238.386
1347,49779,6.5413,-24.4915,237.415,238.765
1348,49780,2.46595,-44.5247,238.953,243.078
1349,49781,1.82501,-43.9983,239.168,243.188
1350,49782,4.01483,-43.9235,239.073,243.107
1351,49783,-2.88897,-42.4894,239.26,243.02
1352,49784,-1.75267,-42.5344,239.42,243.175
1353,49785,-0.737402,-42.3621,239.573,243.291
1354,49786,-0.389802,-43.3808,239.322,243.222
1355,49787,0.823066,-43.4053,239.369,243.274
1356,49788,1.34917,-42.3176,239.674,243.385
1357,49789,0.302495,-42.3403,239.647,243.359
1358,49790,3.10529,-43.2501,239.366,243.262
1359,49791,2.14048,-42.8578,239.522,243.336
1360,49792,2.56285,-41.8488,239.767,243.405
1361,49793,5.5372,-43.3886,239.059,243.028
1362,49794,4.64841,-43.1562,239.266,243.172
1363,49795,5.56271,-42.3248,239.363,243.14
1364,49796,4.14403,-42.2749,239.558,243.294
1365,49797,6.72487,-42.8786,238.983,242.893
1366,49798,7.70273,-41.8395,239.033,242.789
1367,49799,6.60782,-41.8025,239.3,243.014
1368,49800,-5.00568,-41.2226,239.108,242.687
1369,49801,-5.49068,-40.1903,239.187,242.602
1370,49802,-4.2583,-40.2656,239.474,242.873
1371,49803,-3.9182,-41.2817,239.343,242.909
1372,49804,-3.35752,-39.6539,239.772,243.052
1373,49805,-2.85283,-41.0204,239.606,243.109
1374,49806,-0.73965,-41.2675,239.835,243.36
1375,49807,-1.78594,-41.0227,239.772,243.262
1376,49808,-1.24683,-39.6643,240.105,243.362
1377,49809,-0.644886,-40.2854,240.051,243.409
1378,49810,-2.2889,-39.6652,239.963,243.23
1379,49811,1.35052,-41.2651,239.931,243.457
1380,49812,0.305571,-41.2685,239.905,243.429
1381,49813,1.34763,-40.2063,240.155,243.501
1382,49814,0.30581,-40.204,240.13,243.472
1383,49815,3.46332,-41.2802,239.854,243.405
1384,49816,2.40564,-40.7529,240.026,243.473
1385,49817,3.46341,-40.2298,240.076,243.448
1386,49818,2.40303,-39.6915,240.226,243.495
1387,49819,5.56606,-41.2825,239.627,243.221
1388,49820,4.52426,-41.2852,239.769,243.339
1389,49821,5.5778,-40.2373,239.849,243.265
1390,49822,4.53346,-39.9781,240.036,243.384
1391,49823,7.66036,-40.7543,239.309,242.875
1392,49824,6.62044,-40.7579,239.548,243.081
1393,49825,7.66117,-39.7022,239.519,242.908
1394,49826,6.62663,-39.7041,239.753,243.108
1395,49827,9.35822,-39.9355,238.991,242.485
1396,49828,8.55422,-40.4669,239.128,242.679
1397,49829,-6.54289,-38.1123,239.157,242.263
1398,49830,-6.11387,-39.2543,239.164,242.441
1399,49831,-4.92003,-38.1108,239.61,242.671
1400,49832,-5.56236,-37.4999,239.486,242.468
1401,49833,-5.49022,-38.8941,239.38,242.581
1402,49834,-2.81106,-38.6042,240.024,243.125
1403,49835,-4.40311,-39.1495,239.617,242.834
1404,49836,-2.81038,-37.5677,240.12,243.058
1405,49837,-3.73264,-38.3527,239.864,242.94
1406,49838,-4.12621,-37.316,239.858,242.778
1407,49839,-1.61657,-38.6586,240.207,243.303
1408,49840,-0.738686,-38.0885,240.366,243.366
1409,49841,-1.77267,-37.5667,240.292,243.217
1410,49842,1.34787,-39.1506,240.329,243.501
1411,49843,0.0397122,-39.0329,240.311,243.461
1412,49844,1.18769,-38.1496,240.446,243.456
1413,49845,0.292631,-37.5677,240.475,243.392
1414,49846,3.46433,-39.1691,240.247,243.443
1415,49847,2.39881,-38.631,240.372,243.468
1416,49848,3.45913,-38.106,240.365,243.391
1417,49849,2.39766,-37.5777,240.468,243.398
1418,49850,5.58604,-39.1773,240.023,243.264
1419,49851,4.5267,-38.647,240.225,243.355
1420,49852,5.58252,-38.1186,240.145,243.216
1421,49853,4.51517,-37.586,240.321,243.285
1422,49854,7.65433,-38.6427,239.679,242.895
1423,49855,6.62632,-38.6457,239.906,243.089
1424,49856,7.6488,-37.5891,239.794,242.842
1425,49857,6.62497,-37.5947,240.013,243.03
1426,49858,8.69068,-39.1725,239.328,242.668
1427,49859,9.57515,-38.6627,239.131,242.425
1428,49860,9.77632,-37.6113,239.188,242.324
1429,49861,8.682,-38.1088,239.471,242.64
1430,49862,-4.94818,-36.5321,239.689,242.507
1431,49863,-6.82076,-36.8077,239.129,242.042
1432,49864,-6.10955,-36.9767,239.351,242.267
1433,49865,-4.69357,-35.4736,239.749,242.405
1434,49866,-6.02859,-36.0127,239.388,242.157
1435,49867,-3.50355,-36.4764,240.03,242.811
1436,49868,-3.09388,-35.4756,240.118,242.744
1437,49869,-0.740153,-36.7826,240.453,243.251
1438,49870,-2.04031,-36.5252,240.304,243.072
1439,49871,-0.743778,-35.2172,240.465,243.031
1440,49872,-1.78384,-35.4776,240.347,242.958
1441,49873,1.34201,-37.0472,240.522,243.363
1442,49874,0.29236,-36.523,240.525,243.282
1443,49875,1.33869,-35.999,240.554,243.236
1444,49876,0.290479,-35.4751,240.535,243.137
1445,49877,3.45823,-37.0534,240.441,243.304
1446,49878,2.39884,-36.5239,240.523,243.292
1447,49879,3.46,-36.0034,240.478,243.182
1448,49880,2.39498,-35.4742,240.537,243.151
1449,49881,5.57857,-36.8008,240.238,243.104
1450,49882,4.51198,-36.5326,240.376,243.178
1451,49883,5.5738,-35.4868,240.264,242.934
1452,49884,4.50225,-35.486,240.391,243.038
1453,49885,7.65756,-36.5447,239.861,242.75
1454,49886,6.62407,-36.5435,240.076,242.932
1455,49887,7.65996,-35.4877,239.887,242.619
1456,49888,6.62164,-35.4873,240.098,242.797
1457,49889,8.68308,-37.0626,239.567,242.572
1458,49890,9.97807,-36.5244,239.202,242.18
1459,49891,9.62614,-35.9178,239.343,242.214
1460,49892,8.68667,-35.7484,239.625,242.433
1461,49893,10.6373,-37.0315,238.939,242.026
1462,49894,10.7422,-35.4771,238.972,241.83
1463,49895,-5.98698,-33.7247,239.284,241.723
1464,49896,-5.04833,-33.3401,239.511,241.873
1465,49897,-6.0381,-34.9453,239.356,241.969
1466,49898,-4.96547,-34.4085,239.627,242.136
1467,49899,-2.84294,-34.422,240.124,242.595
1468,49900,-3.89907,-34.4114,239.893,242.38
1469,49901,-2.84641,-33.3622,240.036,242.36
1470,49902,-3.91047,-33.1095,239.774,242.081
1471,49903,-1.79575,-34.4232,240.307,242.767
1472,49904,-0.754978,-33.8983,240.406,242.785
1473,49905,-1.80251,-33.3546,240.222,242.533
1474,49906,1.33618,-34.9484,240.548,243.077
1475,49907,0.28795,-34.4258,240.509,242.96
1476,49908,1.33462,-33.6136,240.489,242.83
1477,49909,0.29096,-33.3518,240.437,242.739
1478,49910,3.4545,-34.9513,240.474,243.026
1479,49911,2.39211,-34.422,240.515,242.978
1480,49912,3.45237,-33.3608,240.394,242.723
1481,49913,3.45168,-34.1588,240.448,242.887
1482,49914,2.38862,-33.3563,240.45,242.765
1483,49915,5.58013,-34.4325,240.239,242.758
1484,49916,4.49201,-34.166,240.356,242.814
1485,49917,5.58009,-33.3589,240.173,242.542
1486,49918,7.61955,-34.2769,239.874,242.431
1487,49919,6.62108,-34.4328,240.08,242.627
1488,49920,6.62692,-33.3652,240.012,242.411
1489,49921,9.71689,-34.9622,239.327,242.063
1490,49922,8.69418,-34.4342,239.618,242.236
1491,49923,9.72829,-33.9141,239.309,241.895
1492,49924,9.20173,-33.1163,239.395,241.85
1493,49925,8.1867,-33.3735,239.692,242.143
1494,49926,10.7422,-34.4376,238.971,241.679
1495,49927,10.3175,-33.2916,239.063,241.591
1496,49928,-5.07559,-32.3015,239.367,241.59
1497,49929,-5.05935,-31.1999,239.177,241.257
1498,49930,-2.84347,-32.3086,239.902,242.085
1499,49931,-2.84116,-31.249,239.718,241.762
1500,49932,-3.91026,-31.7711,239.582,241.712
1501,49933,-0.751247,-32.8279,240.298,242.531
1502,49934,-1.7963,-32.3051,240.089,242.259
1503,49935,-0.747436,-31.7804,240.143,242.238
1504,49936,-1.73817,-31.0941,239.882,241.895
1505,49937,1.3384,-32.0421,240.306,242.437
1506,49938,0.292583,-32.3056,240.311,242.473
1507,49939,0.298297,-31.2579,240.139,242.165
1508,49940,2.54454,-32.3532,240.333,242.514
1509,49941,3.44414,-31.7785,240.203,242.321
1510,49942,2.3844,-31.2559,240.168,242.205
1511,49943,4.40045,-32.5707,240.231,242.469
1512,49944,5.57185,-32.314,240.059,242.288
1513,49945,5.56521,-31.2624,239.897,241.989
1514,49946,4.50008,-31.2579,240.027,242.096
1515,49947,7.61424,-32.4846,239.726,242.037
1516,49948,6.61907,-32.3185,239.898,242.156
1517,49949,7.64977,-31.2792,239.53,241.685
1518,49950,6.60936,-31.2701,239.735,241.856
1519,49951,8.69034,-32.3365,239.444,241.773
1520,49952,9.68042,-31.8356,239.085,241.39
1521,49953,8.67759,-31.2927,239.281,241.474
1522,49954,10.2975,-32.4603,238.975,241.389
1523,49955,-4.43806,-30.2176,239.13,241.073
1524,49956,-3.42942,-29.5024,239.182,241.019
1525,49957,-3.64436,-30.7088,239.433,241.422
1526,49958,-0.743648,-30.733,239.941,241.902
1527,49959,-2.32089,-30.1919,239.582,241.488
1528,49960,-1.00124,-29.6787,239.66,241.493
1529,49961,-2.47643,-29.1919,239.292,241.079
1530,49962,1.34267,-30.7377,240.077,242.04
1531,49963,0.304228,-30.2096,239.92,241.815
1532,49964,1.34189,-29.6934,239.844,241.679
1533,49965,0.308966,-29.1615,239.66,241.428
1534,49966,3.4395,-30.7331,240.018,242.002
1535,49967,2.3811,-30.2086,239.958,241.864
1536,49968,3.43022,-29.1702,239.658,241.451
1537,49969,3.43583,-29.9493,239.851,241.738
1538,49970,2.37901,-29.1692,239.707,241.487
1539,49971,5.55935,-30.2172,239.687,241.648
1540,49972,4.49305,-29.943,239.76,241.664
1541,49973,5.54315,-29.1793,239.43,241.265
1542,49974,7.63745,-30.2493,239.316,241.341
1543,49975,6.60092,-30.2306,239.521,241.512
1544,49976,7.36401,-29.1968,239.102,240.991
1545,49977,6.58744,-29.2003,239.26,241.125
1546,49978,9.63824,-30.7916,238.907,241.076
1547,49979,8.66666,-30.2637,239.068,241.132
1548,49980,8.14161,-29.2305,238.934,240.853
1549,49981,-1.98632,-27.7634,238.935,240.551
1550,49982,-0.744891,-27.5971,239.073,240.662
1551,49983,-1.87599,-28.5868,239.223,240.932
1552,49984,-0.736438,-28.6291,239.405,241.112
1553,49985,1.34469,-28.6476,239.568,241.279
1554,49986,0.310778,-28.1154,239.355,241.001
1555,49987,1.34971,-27.4686,239.192,240.768
1556,49988,0.320621,-27.0594,238.991,240.518
1557,49989,3.42432,-28.1297,239.359,241.03
1558,49990,2.37553,-28.1257,239.407,241.065
1559,49991,3.40431,-27.0452,238.989,240.538
1560,49992,2.37858,-27.1917,239.091,240.644
1561,49993,4.48195,-28.6478,239.423,241.173
1562,49994,5.52965,-28.1376,239.123,240.837
1563,49995,4.47195,-27.5455,239.077,240.7
1564,49996,6.57072,-28.1625,238.949,240.693
